[{"pk": 1, "model": "core.category", "fields": {"name": "Restaurant"}}, {"pk": 2, "model": "core.category", "fields": {"name": "Sports"}}, {"pk": 1, "model": "core.business", "fields": {"phone_number": "0772466862", "city": "Kampala", "create_date": "2016-01-07T21:18:42.461Z", "name": "Total", "web_address": "http://www.total.com/", "photo": "businesses/2016/01/07/2000px-Flag_of_Uganda.svg.png", "start_time": null, "description": null, "email": "wanyaland@gmail.com", "features": [], "location": "0.3151663,32.59895170000004", "address": "Kisementi", "approved": false, "categories": [1], "end_time": null}}, {"pk": 10, "model": "core.business", "fields": {"phone_number": "0772466862", "city": "Kampala", "create_date": "2016-01-12T23:54:14.570Z", "name": "Shell", "web_address": "http://www.shell.com/", "photo": "businesses/2016/01/12/1017_2.jpg", "start_time": null, "description": null, "email": "wanyaland@gmail.com", "features": [], "location": "0.2982603,32.59874220000006", "address": "Ntinda", "approved": false, "categories": [1], "end_time": null}}, {"pk": 1, "model": "core.customer", "fields": {"photo": "avatars/2016/01/07/1017_1.jpg", "user": 2}}, {"pk": 2, "model": "core.customer", "fields": {"photo": "", "user": 3}}, {"pk": 3, "model": "core.customer", "fields": {"photo": "", "user": 6}}, {"pk": 7, "model": "core.customer", "fields": {"photo": "avatars/2016/01/13/gent.jpg", "user": 8}}, {"pk": 1, "model": "core.review", "fields": {"customer": 1, "create_date": "2016-01-07T22:51:44.884Z", "business": 1, "review": "Fair stuff", "rating_score": 4, "rating_votes": 1}}, {"pk": 2, "model": "core.review", "fields": {"customer": 1, "create_date": "2016-01-07T22:52:06.266Z", "business": 1, "review": "Not a bad stuff", "rating_score": 3, "rating_votes": 1}}, {"pk": 3, "model": "core.review", "fields": {"customer": 1, "create_date": "2016-01-08T01:13:19.283Z", "business": 1, "review": "Fantastic", "rating_score": 5, "rating_votes": 1}}, {"pk": 6, "model": "core.review", "fields": {"customer": 1, "create_date": "2016-01-08T18:18:23.993Z", "business": 1, "review": "Half star", "rating_score": 3, "rating_votes": 1}}, {"pk": 7, "model": "core.review", "fields": {"customer": null, "create_date": "2016-01-13T01:30:06.136Z", "business": null, "review": "test", "rating_score": 0, "rating_votes": 0}}, {"pk": 8, "model": "core.review", "fields": {"customer": null, "create_date": "2016-01-14T14:59:57.550Z", "business": null, "review": "New review", "rating_score": 0, "rating_votes": 0}}, {"pk": 9, "model": "core.review", "fields": {"customer": 7, "create_date": "2016-01-14T15:15:45.244Z", "business": 1, "review": "New", "rating_score": 0, "rating_votes": 0}}, {"pk": 10, "model": "core.review", "fields": {"customer": null, "create_date": "2016-01-14T15:39:39.834Z", "business": null, "review": "adasd", "rating_score": 0, "rating_votes": 0}}, {"pk": 11, "model": "core.review", "fields": {"customer": null, "create_date": "2016-01-14T15:43:55.083Z", "business": null, "review": "adaweeed", "rating_score": 0, "rating_votes": 0}}, {"pk": 12, "model": "core.review", "fields": {"customer": 7, "create_date": "2016-01-14T15:45:06.565Z", "business": null, "review": "again", "rating_score": 0, "rating_votes": 0}}, {"pk": 13, "model": "core.review", "fields": {"customer": 7, "create_date": "2016-01-14T15:47:29.307Z", "business": 1, "review": "asdasdas", "rating_score": 0, "rating_votes": 0}}, {"pk": 14, "model": "core.review", "fields": {"customer": 7, "create_date": "2016-01-14T15:51:13.618Z", "business": 1, "review": "Should work", "rating_score": 0, "rating_votes": 0}}, {"pk": 15, "model": "core.review", "fields": {"customer": 7, "create_date": "2016-01-14T15:57:06.226Z", "business": 1, "review": "asda", "rating_score": 0, "rating_votes": 0}}, {"pk": 16, "model": "core.review", "fields": {"customer": 7, "create_date": "2016-01-14T16:20:04.963Z", "business": 1, "review": "It had better work", "rating_score": 0, "rating_votes": 0}}, {"pk": 17, "model": "core.review", "fields": {"customer": 7, "create_date": "2016-01-14T16:21:51.990Z", "business": 1, "review": "It had better work", "rating_score": 0, "rating_votes": 0}}, {"pk": 18, "model": "core.review", "fields": {"customer": 7, "create_date": "2016-01-14T16:23:23.683Z", "business": 1, "review": "It had better work", "rating_score": 0, "rating_votes": 0}}, {"pk": 19, "model": "core.review", "fields": {"customer": 7, "create_date": "2016-01-14T16:25:14.247Z", "business": 1, "review": "It had better work", "rating_score": 0, "rating_votes": 0}}, {"pk": 20, "model": "core.review", "fields": {"customer": 7, "create_date": "2016-01-14T16:27:34.509Z", "business": 1, "review": "adaas", "rating_score": 0, "rating_votes": 0}}, {"pk": 21, "model": "core.review", "fields": {"customer": 7, "create_date": "2016-01-14T16:29:53.525Z", "business": 1, "review": "adaas", "rating_score": 0, "rating_votes": 0}}, {"pk": 22, "model": "core.review", "fields": {"customer": 7, "create_date": "2016-01-14T16:31:19.015Z", "business": 1, "review": "adaas", "rating_score": 0, "rating_votes": 0}}, {"pk": 23, "model": "core.review", "fields": {"customer": 7, "create_date": "2016-01-14T16:32:00.768Z", "business": 1, "review": "adaas", "rating_score": 0, "rating_votes": 0}}, {"pk": 24, "model": "core.review", "fields": {"customer": 7, "create_date": "2016-01-14T16:33:54.644Z", "business": 1, "review": "adaas", "rating_score": 0, "rating_votes": 0}}, {"pk": 25, "model": "core.review", "fields": {"customer": 7, "create_date": "2016-01-14T17:31:05.987Z", "business": 1, "review": "adaas", "rating_score": 0, "rating_votes": 0}}, {"pk": 26, "model": "core.review", "fields": {"customer": 7, "create_date": "2016-01-14T17:32:05.919Z", "business": 1, "review": "adaas", "rating_score": 0, "rating_votes": 0}}, {"pk": 27, "model": "core.review", "fields": {"customer": 7, "create_date": "2016-01-14T17:41:02.235Z", "business": 1, "review": "adads", "rating_score": 0, "rating_votes": 0}}, {"pk": 28, "model": "core.review", "fields": {"customer": 7, "create_date": "2016-01-14T17:43:53.921Z", "business": 1, "review": "Ok", "rating_score": 0, "rating_votes": 0}}, {"pk": 29, "model": "core.review", "fields": {"customer": 7, "create_date": "2016-01-14T17:58:27.146Z", "business": 1, "review": "adasd", "rating_score": 0, "rating_votes": 0}}, {"pk": 30, "model": "core.review", "fields": {"customer": 7, "create_date": "2016-01-14T17:58:53.074Z", "business": 1, "review": "adasd", "rating_score": 0, "rating_votes": 0}}, {"pk": 31, "model": "core.review", "fields": {"customer": 7, "create_date": "2016-01-14T17:59:09.887Z", "business": 1, "review": "adasd", "rating_score": 0, "rating_votes": 0}}, {"pk": 32, "model": "core.review", "fields": {"customer": 7, "create_date": "2016-01-14T17:59:28.044Z", "business": 1, "review": "adasd", "rating_score": 0, "rating_votes": 0}}, {"pk": 33, "model": "core.review", "fields": {"customer": 7, "create_date": "2016-01-14T17:59:48.687Z", "business": 1, "review": "adasd", "rating_score": 0, "rating_votes": 0}}, {"pk": 34, "model": "core.review", "fields": {"customer": 7, "create_date": "2016-01-14T18:05:12.101Z", "business": 1, "review": "adasdsa", "rating_score": 0, "rating_votes": 0}}, {"pk": 35, "model": "core.review", "fields": {"customer": 7, "create_date": "2016-01-14T18:05:40.668Z", "business": 1, "review": "adasdsa", "rating_score": 3, "rating_votes": 1}}, {"pk": 36, "model": "core.review", "fields": {"customer": 7, "create_date": "2016-01-14T18:20:06.889Z", "business": 10, "review": "Shell review", "rating_score": 0, "rating_votes": 0}}, {"pk": 37, "model": "core.review", "fields": {"customer": 7, "create_date": "2016-01-14T18:25:16.175Z", "business": 10, "review": "asasdas", "rating_score": 4, "rating_votes": 1}}, {"pk": 38, "model": "core.review", "fields": {"customer": 7, "create_date": "2016-01-15T01:25:57.162Z", "business": 1, "review": "Lets do this", "rating_score": 4, "rating_votes": 1}}, {"pk": 39, "model": "core.review", "fields": {"customer": 7, "create_date": "2016-01-15T01:32:13.122Z", "business": 10, "review": "OK", "rating_score": 0, "rating_votes": 0}}, {"pk": 40, "model": "core.review", "fields": {"customer": 7, "create_date": "2016-01-15T01:35:10.233Z", "business": 1, "review": "Testing 2 files", "rating_score": 0, "rating_votes": 0}}, {"pk": 41, "model": "core.review", "fields": {"customer": 7, "create_date": "2016-01-15T01:36:45.195Z", "business": 1, "review": "Be serious", "rating_score": 4, "rating_votes": 1}}, {"pk": 42, "model": "core.review", "fields": {"customer": 7, "create_date": "2016-01-15T01:38:14.414Z", "business": 1, "review": "Testing", "rating_score": 4, "rating_votes": 1}}, {"pk": 43, "model": "core.review", "fields": {"customer": 7, "create_date": "2016-01-15T01:39:31.370Z", "business": 1, "review": "This surely will work", "rating_score": 0, "rating_votes": 0}}, {"pk": 44, "model": "core.review", "fields": {"customer": 7, "create_date": "2016-01-15T01:53:54.628Z", "business": 1, "review": "Nice work", "rating_score": 4, "rating_votes": 1}}, {"pk": 1, "model": "core.businessphoto", "fields": {"photo": "businesses/2016/01/10/1017_2.jpg", "review": null}}, {"pk": 2, "model": "core.businessphoto", "fields": {"photo": "businesses/2016/01/10/1017_1.jpg", "review": null}}, {"pk": 3, "model": "core.businessphoto", "fields": {"photo": "businesses/2016/01/10/1017_1_1.jpg", "review": null}}, {"pk": 4, "model": "core.businessphoto", "fields": {"photo": "businesses/2016/01/11/2000px-Flag_of_Uganda.svg.png", "review": null}}, {"pk": 5, "model": "core.businessphoto", "fields": {"photo": "businesses/2016/01/11/2000px-Flag_of_Uganda.svg_1.png", "review": 1}}, {"pk": 6, "model": "core.businessphoto", "fields": {"photo": "businesses/2016/01/11/flag.jpg", "review": 1}}, {"pk": 7, "model": "core.businessphoto", "fields": {"photo": "businesses/2016/01/15/1017_2.jpg", "review": null}}, {"pk": 8, "model": "core.businessphoto", "fields": {"photo": "businesses/2016/01/15/1017_2_1.jpg", "review": null}}, {"pk": 9, "model": "core.businessphoto", "fields": {"photo": "businesses/2016/01/15/1017_1_1.jpg", "review": null}}, {"pk": 10, "model": "core.businessphoto", "fields": {"photo": "businesses/2016/01/15/1017_2_2.jpg", "review": null}}, {"pk": 11, "model": "core.businessphoto", "fields": {"photo": "businesses/2016/01/15/1017_2_3.jpg", "review": null}}, {"pk": 12, "model": "core.businessphoto", "fields": {"photo": "businesses/2016/01/15/2000px-Flag_of_Uganda.svg.png", "review": null}}, {"pk": 13, "model": "core.businessphoto", "fields": {"photo": "businesses/2016/01/15/1017_2_4.jpg", "review": null}}, {"pk": 14, "model": "core.businessphoto", "fields": {"photo": "businesses/2016/01/15/2000px-Flag_of_Uganda.svg_1.png", "review": null}}, {"pk": 15, "model": "core.businessphoto", "fields": {"photo": "businesses/2016/01/15/1017_2_5.jpg", "review": 43}}, {"pk": 16, "model": "core.businessphoto", "fields": {"photo": "businesses/2016/01/15/2000px-Flag_of_Uganda.svg_2.png", "review": 43}}, {"pk": 17, "model": "core.businessphoto", "fields": {"photo": "businesses/2016/01/15/C360_2015-09-30-10-16-06-566.jpg", "review": 44}}, {"pk": 18, "model": "core.businessphoto", "fields": {"photo": "businesses/2016/01/15/Coat_of_arms_of_the_Republic_of_Uganda.svg.png", "review": 44}}, {"pk": 1, "model": "core.features", "fields": {"name": "Pay with credit card"}}, {"pk": 2, "model": "core.features", "fields": {"name": "Reservations Available"}}]